build,sample,hole_diameter_mm,hole_spacing_mm,base_width_mm,verticality_mm
1,1,10.022,40.012,59.939,0.068
1,2,10.008,40.012,59.956,0.044
1,3,9.992,40.058,59.911,0.071
1,4,10.019,39.983,59.938,0.107
1,5,10.007,40.039,59.874,0.06
2,1,9.977,40.061,60.017,0.107
2,2,10.012,40.016,59.996,0.105
2,3,10.028,40.022,59.976,0.093
2,4,9.985,40.023,60.04,0.074
2,5,10.016,40.015,60.014,0.073
3,1,9.983,39.994,59.976,0.064
3,2,10.018,40.003,59.901,0.098
3,3,10.024,39.98,60.057,0.08
3,4,9.995,40.008,60.019,0.06
3,5,10.023,40.044,59.941,0.093
4,1,10.021,40.016,59.989,0.092
4,2,9.999,40.007,60.089,0.063
4,3,10.018,40.043,60.009,0.075
4,4,10.033,40.026,60.024,0.078
4,5,10.015,40.059,59.935,0.141
5,1,10.013,40.06,60.013,0.05
5,2,10.012,39.952,60.016,0.061
5,3,10.055,40.036,60.014,0.054
5,4,10.017,40.051,60.033,0.05
5,5,10.033,40.027,60.065,0.1
